Course,Rows,YearsOfData,LatestYear
Aintree,8,1,2026
Ascot,26,1,2026
Ayr,29,1,2026
Bangor-On-Dee,14,1,2026
Bath,20,1,2026
Beverley,19,1,2026
Brighton,21,1,2026
Carlisle,23,1,2026
Cartmel,9,1,2026
Catterick Bridge,27,1,2026
Chelmsford City,37,1,2026
Cheltenham,16,1,2026
Chepstow,29,1,2026
Chester,15,1,2026
Doncaster,35,1,2026
Epsom Downs,11,1,2026
Exeter,17,1,2026
Fakenham,11,1,2026
Ffos Las,29,1,2026
Fontwell Park,20,1,2026
Goodwood,19,1,2026
Hamilton Park,18,1,2026
Haydock Park,29,1,2026
Hereford,15,1,2026
Hexham,15,1,2026
Huntingdon,18,1,2026
Kelso,14,1,2026
Kempton Park,64,1,2026
Leicester,29,1,2026
Lingfield Park,74,1,2026
Ludlow,15,1,2026
Market Rasen,21,1,2026
Musselburgh,26,1,2026
Newbury,31,1,2026
Newcastle,70,1,2026
Newmarket,38,1,2026
Newton Abbot,18,1,2026
Nottingham,20,1,2026
Perth,12,1,2026
Plumpton,16,1,2026
Pontefract,17,1,2026
Redcar,18,1,2026
Ripon,16,1,2026
Salisbury,15,1,2026
Sandown Park,23,1,2026
Sedgefield,16,1,2026
Southwell,79,1,2026
Stratford-On-Avon,17,1,2026
Taunton,14,1,2026
Thirsk,16,1,2026
Uttoxeter,23,1,2026
Warwick,18,1,2026
Wetherby,18,1,2026
Wincanton,16,1,2026
Windsor,26,1,2026
Wolverhampton,87,1,2026
Worcester,19,1,2026
Yarmouth,24,1,2026
York,18,1,2026
